t_rel_s,arm_angle_rad,motor_speed_rad_s,pwm_us,ref_angle_rad
0.000000,0.401496,-0.000000,2000,0.000000
0.098456,0.401496,-0.000000,2000,0.000000
0.149833,0.401496,-0.000000,2000,0.000000
0.201324,0.401496,-0.000000,2000,0.000000
0.253956,0.401496,-0.000000,2000,0.000000
0.301013,0.401496,-0.000000,2000,0.000000
0.353272,0.401496,-0.000000,2000,0.000000
0.405530,0.401496,-0.000000,2000,0.000000
0.456955,0.401496,-0.000000,2000,0.000000
0.503732,0.401496,-0.000000,2000,0.000000
0.555283,0.401496,-0.000000,2000,0.000000
0.606694,0.401496,-0.000000,2000,0.000000
0.658079,0.401496,-0.000000,2000,0.000000
0.709804,0.401496,-0.000000,2000,0.000000
0.756860,0.401496,-0.000000,2000,0.000000
0.808699,0.401496,-0.000000,2000,0.000000
0.860868,0.401496,-0.000000,2000,0.000000
0.913090,0.401496,-0.000000,2000,0.000000
0.960356,0.401496,-0.000000,2000,0.000000
1.013331,0.401496,-0.000000,2000,0.000000
1.065440,0.401496,-0.000000,2000,0.000000
1.111620,0.401496,-0.000000,2000,0.000000
1.163017,0.401496,-0.000000,2000,0.000000
1.214310,0.401496,-0.000000,2000,0.000000
1.265652,0.401496,-0.000000,2000,0.000000
1.316899,0.401496,-0.000000,2000,0.000000
1.368208,0.401496,-0.000000,2000,0.000000
1.419529,0.401496,-0.000000,2000,0.000000
1.419529,0.401496,-0.000000,2000,0.000000
1.518061,0.401496,-0.000000,2000,0.000000
1.570480,0.401496,-0.000000,2000,0.000000
1.623635,0.401496,-0.000000,2000,0.000000
1.671239,0.401496,-0.000000,2000,0.000000
1.723168,0.401496,-0.000000,2000,0.000000
1.774571,0.401496,-0.000000,2000,0.000000
1.821538,0.401496,-0.000000,2000,0.000000
1.873641,0.401496,-0.000000,2000,0.000000
1.926905,0.401496,-0.000000,2000,0.000000
1.978293,0.401496,-0.000000,2000,0.000000
2.024444,0.401496,-0.000000,2000,0.000000
2.075756,0.401496,-0.000000,2000,0.000000
2.127124,0.401496,-0.000000,2000,0.000000
2.179642,0.401496,-0.000000,2000,0.000000
2.179642,0.401496,-0.000000,2000,0.000000
2.278579,0.401496,-0.000000,2000,0.000000
2.329915,0.401496,-0.000000,2000,0.000000
2.381553,0.401496,-0.000000,2000,0.000000
2.433672,0.401496,-0.000000,2000,0.000000
2.481057,0.401496,-0.000000,2000,0.000000
2.533207,0.401496,-0.000000,2000,0.000000
2.585532,0.401496,-0.000000,2000,0.000000
2.585532,0.401496,-0.000000,2000,0.000000
2.685466,0.401496,-0.000000,2000,0.000000
2.737123,0.401496,-0.000000,2000,0.000000
2.788969,0.401496,-0.000000,2000,0.000000
2.836486,0.401496,-0.000000,2000,0.000000
2.889226,0.401496,-0.000000,2000,0.000000
2.941655,0.401496,-0.000000,2000,0.000000
2.941655,0.401496,-0.000000,2000,0.000000
3.040607,0.401496,-0.000000,2000,0.000000
3.040607,0.401496,-0.000000,2000,0.000000
3.140318,0.401496,-0.000000,2000,0.000000
3.192797,0.401496,-0.000000,2000,0.000000
3.192797,0.401496,-0.000000,2000,0.000000
3.292067,0.401496,-0.000000,2000,0.000000
3.292067,0.401496,-0.000000,2000,0.000000
3.344331,0.401496,-0.000000,2000,0.000000
3.396866,0.401496,-0.000000,2000,0.000000
3.444193,0.401496,-0.000000,2000,0.000000
3.496650,0.401496,-0.000000,2000,0.000000
3.548668,0.401496,-0.000000,2000,0.000000
3.595700,0.401496,-0.000000,2000,0.000000
3.648163,0.401496,-0.000000,2000,0.000000
3.701192,0.401496,-0.000000,2000,0.000000
3.748516,0.401496,-0.000000,2000,0.000000
3.748516,0.401496,-0.000000,2000,0.000000
3.852489,0.401496,-0.000000,2000,0.000000
3.899596,0.401496,-0.000000,2000,0.000000
3.952908,0.401496,-0.000000,2000,0.000000
4.004857,0.401496,-0.000000,2000,0.000000
4.051547,0.401496,-0.000000,2000,0.000000
4.103378,0.401496,-0.000000,2000,0.000000
4.156595,0.401496,-0.000000,2000,0.000000
4.203997,0.401496,-0.000000,2000,0.000000
4.256118,0.401496,-0.000000,2000,0.000000
4.308575,0.401496,-0.000000,2000,0.000000
4.355487,0.401496,-0.000000,2000,0.000000
4.355487,0.401496,-0.000000,2000,0.000000
4.355487,0.401496,-0.000000,2000,0.000000
4.511620,0.401496,-0.000000,2000,0.000000
4.558926,0.401496,-0.000000,2000,0.000000
4.558926,0.401496,-0.000000,2000,0.000000
4.663189,0.401496,-0.000000,2000,0.000000
4.715369,0.401496,-0.000000,2000,0.000000
4.715369,0.401496,-0.000000,2000,0.000000
4.814190,0.401496,-0.000000,2000,0.000000
4.866297,0.401496,-0.000000,2000,0.000000
4.913277,0.401496,-0.000000,2000,0.000000
4.965753,0.401496,-0.000000,2000,0.000000
5.017700,0.401496,-0.000000,2000,0.000000
5.017700,0.401496,-0.000000,2000,0.000000
5.116436,0.401496,-0.000000,2000,0.000000
5.116436,0.401496,-0.000000,2000,0.000000
5.116436,0.401496,-0.000000,2000,0.000000
5.272397,0.401496,-0.000000,2000,0.000000
5.319569,0.401496,-0.000000,2000,0.000000
5.371482,0.401496,-0.000000,2000,0.000000
5.423031,0.401496,-0.000000,2000,0.000000
5.475004,0.401496,-0.000000,2000,0.000000
5.522000,0.401496,-0.000000,2000,0.000000
5.573893,0.401496,-0.000000,2000,0.000000
5.625965,0.401496,-0.000000,2000,0.000000
5.678234,0.401496,-0.000000,2000,0.000000
5.725605,0.401496,-0.000000,2000,0.000000
5.777842,0.401496,-0.000000,2000,0.000000
5.830068,0.401496,-0.000000,2000,0.000000
5.830068,0.401496,-0.000000,2000,0.000000
5.830068,0.401496,-0.000000,2000,0.000000
5.982357,0.401496,-0.000000,2000,0.000000
6.029247,0.401496,-0.000000,2000,0.000000
6.081709,0.401496,-0.000000,2000,0.000000
6.133794,0.401496,-0.000000,2000,0.000000
6.133794,0.401496,-0.000000,2000,0.000000
6.233897,0.401496,-0.000000,2000,0.000000
6.286161,0.401496,-0.000000,2000,0.000000
6.286161,0.401496,-0.000000,2000,0.000000
6.385606,0.401496,-0.000000,2000,0.000000
6.437892,0.401496,-0.000000,2000,0.000000
6.485040,0.401496,-0.000000,2000,0.000000
6.485040,0.401496,-0.000000,2000,0.000000
6.589254,0.401496,-0.000000,2000,0.000000
6.636553,0.401496,-0.000000,2000,0.000000
6.636553,0.401496,-0.000000,2000,0.000000
6.741044,0.401496,-0.000000,2000,0.000000
6.741044,0.401496,-0.000000,2000,0.000000
6.840732,0.401496,-0.000000,2000,0.000000
6.892918,0.401496,-0.000000,2000,0.000000
6.892918,0.401496,-0.000000,2000,0.000000
6.945249,0.401496,-0.000000,2000,0.000000
6.945249,0.401496,-0.000000,2000,0.000000
7.043577,0.401496,-0.000000,2000,0.000000
7.095685,0.401496,-0.000000,2000,0.000000
7.147077,0.401496,-0.000000,2000,0.000000
7.198528,0.401496,-0.000000,2000,0.000000
7.244731,0.401496,-0.000000,2000,0.000000
7.295943,0.401496,-0.000000,2000,0.000000
7.295943,0.401496,-0.000000,2000,0.000000
7.398760,0.401496,-0.000000,2000,0.000000
7.450250,0.401496,-0.000000,2000,0.000000
7.501665,0.401496,-0.000000,2000,0.000000
7.553302,0.401496,-0.000000,2000,0.000000
7.599653,0.401496,-0.000000,2000,0.000000
7.651101,0.401496,-0.000000,2000,0.000000
7.702526,0.401496,-0.000000,2000,0.000000
7.754512,0.401496,-0.000000,2000,0.000000
7.806763,0.401496,-0.000000,2000,0.000000
7.858549,0.401496,-0.000000,2000,0.000000
7.906110,0.401496,-0.000000,2000,0.000000
7.958510,0.401496,-0.000000,2000,0.000000
8.010522,0.401496,-0.000000,2000,0.000000
8.057377,0.401496,-0.000000,2000,0.000000
8.057377,0.401496,-0.000000,2000,0.000000
8.161258,0.401496,-0.000000,2000,0.000000
8.208503,0.401496,-0.000000,2000,0.000000
8.260683,0.401496,-0.000000,2000,0.000000
8.312191,0.401496,-0.000000,2000,0.000000
8.364050,0.401496,-0.000000,2000,0.000000
8.415533,0.401496,-0.000000,2000,0.000000
8.415533,0.401496,-0.000000,2000,0.000000
8.513687,0.401496,-0.000000,2000,0.000000
8.565245,0.401496,-0.000000,2000,0.000000
8.617046,0.401496,-0.000000,2000,0.000000
8.664214,0.401496,-0.000000,2000,0.000000
8.716364,0.401496,-0.000000,2000,0.000000
8.768432,0.401496,-0.000000,2000,0.000000
8.821265,0.401496,-0.000000,2000,0.000000
8.821265,0.401496,-0.000000,2000,0.000000
8.920770,0.401496,-0.000000,2000,0.000000
8.973067,0.401496,-0.000000,2000,0.000000
9.020494,0.401496,-0.000000,2000,0.000000
9.072826,0.401496,-0.000000,2000,0.000000
9.125442,0.401496,-0.000000,2000,0.000000
9.172390,0.401496,-0.000000,2000,0.000000
9.225274,0.401496,-0.000000,2000,0.000000
9.225274,0.401496,-0.000000,2000,0.000000
9.324906,0.401496,-0.000000,2000,0.000000
9.377553,0.401496,-0.000000,2000,0.000000
9.429628,0.401496,-0.000000,2000,0.000000
9.476368,0.401496,-0.000000,2000,0.000000
9.527752,0.401496,-0.000000,2000,0.000000
9.579954,0.401496,-0.000000,2000,0.000000
9.579954,0.401496,-0.000000,2000,0.000000
9.678689,0.401496,-0.000000,2000,0.000000
9.730003,0.401496,-0.000000,2000,0.000000
9.781447,0.401496,-0.000000,2000,0.000000
9.832741,0.401496,-0.000000,2000,0.000000
