Recording_Time_s,Arm_Angle_deg,Motor_Speed_rad_s,PWM_Input_us,Duty_Cycle_percent
0.000000,8.920900,0.000000,1000.00,5.0000
0.050963,8.920900,0.000000,1000.00,5.0000
0.101005,8.920900,0.000000,1000.00,5.0000
0.152047,8.920900,0.000000,1000.00,5.0000
0.202902,8.920900,0.000000,1000.00,5.0000
0.253260,8.920900,0.000000,1000.00,5.0000
0.303928,8.920900,0.000000,1000.00,5.0000
0.354040,8.920900,0.000000,1000.00,5.0000
0.404929,8.920900,0.000000,1000.00,5.0000
0.455020,8.920900,0.000000,1000.00,5.0000
0.505967,8.920900,0.000000,1000.00,5.0000
0.556030,8.920900,0.000000,1000.00,5.0000
0.606896,8.920900,0.000000,1000.00,5.0000
0.658652,8.920900,0.000000,1000.00,5.0000
0.707938,8.920900,0.000000,1000.00,5.0000
0.758888,8.920900,0.000000,1000.00,5.0000
0.808965,8.920900,0.000000,1000.00,5.0000
0.860031,8.920900,0.000000,1000.00,5.0000
0.910929,8.920900,0.000000,1000.00,5.0000
0.960900,8.920900,0.000000,1000.00,5.0000
1.011949,8.920900,0.000000,1000.00,5.0000
1.061903,8.920900,0.000000,1000.00,5.0000
1.113239,8.920900,0.000000,1000.00,5.0000
1.163115,8.920900,0.000000,1000.00,5.0000
1.213946,8.920900,0.000000,1000.00,5.0000
1.263936,8.920900,0.000000,1000.00,5.0000
1.315009,8.920900,0.000000,1000.00,5.0000
1.364899,8.920900,0.000000,1000.00,5.0000
1.415993,8.920900,0.000000,1000.00,5.0000
1.465895,8.920900,0.000000,1000.00,5.0000
1.517039,8.920900,0.000000,1000.00,5.0000
1.566959,8.920900,0.000000,1000.00,5.0000
1.618063,8.920900,0.000000,1336.00,6.6800
1.667908,8.920900,0.000000,1336.00,6.6800
1.718896,8.920900,0.027570,1336.00,6.6800
1.770044,8.920900,2.937215,1336.00,6.6800
1.819923,8.920900,10.038617,1336.00,6.6800
1.871023,8.920900,25.649985,1336.00,6.6800
1.921996,8.920900,50.088242,1336.00,6.6800
1.971952,8.920900,81.633851,1336.00,6.6800
2.023143,9.061520,123.640983,1336.00,6.6800
2.073257,9.332216,163.356546,1336.00,6.6800
2.123984,9.478473,203.113679,1336.00,6.6800
2.174897,10.157978,237.390617,1336.00,6.6800
2.225947,11.123463,268.314479,1336.00,6.6800
2.276050,12.335290,294.643488,1336.00,6.6800
2.327061,14.113352,317.759494,1336.00,6.6800
2.377981,16.555322,341.264870,1336.00,6.6800
2.427946,19.106557,358.142410,1336.00,6.6800
2.479058,21.850666,374.420363,1336.00,6.6800
2.529968,24.907293,388.478309,1336.00,6.6800
2.580925,28.407274,400.991337,1336.00,6.6800
2.630966,31.892819,410.370592,1336.00,6.6800
2.683924,35.050395,419.320358,1336.00,6.6800
2.733258,38.297156,426.600554,1336.00,6.6800
2.782991,41.193385,434.599311,1336.00,6.6800
2.833970,43.334588,438.885305,1336.00,6.6800
2.884898,45.363950,445.357849,1336.00,6.6800
2.935934,46.706200,448.197252,1336.00,6.6800
2.985901,47.727260,452.982904,1336.00,6.6800
3.036994,47.999188,456.953403,1336.00,6.6800
3.087943,48.058531,458.279943,1336.00,6.6800
3.137905,47.684124,462.096626,1336.00,6.6800
3.189032,46.716640,462.777262,1336.00,6.6800
3.240502,45.186792,465.303763,1336.00,6.6800
3.289954,43.382833,467.992459,1336.00,6.6800
3.340996,40.920127,467.621620,1336.00,6.6800
3.391987,38.510521,469.984702,1336.00,6.6800
3.441895,35.985177,470.231947,1336.00,6.6800
3.493264,33.683642,470.616000,1336.00,6.6800
3.543927,31.209613,472.955430,1336.00,6.6800
3.594032,29.177651,471.655435,1336.00,6.6800
3.644960,27.288401,473.205545,1336.00,6.6800
3.695904,26.058260,472.812298,1336.00,6.6800
3.745899,25.162028,472.609978,1336.00,6.6800
3.796896,24.708723,474.114452,1336.00,6.6800
3.847960,24.926158,472.146429,1336.00,6.6800
3.898034,25.486827,473.458445,1336.00,6.6800
3.948915,26.409961,471.374533,1336.00,6.6800
4.000030,27.570349,473.258633,1336.00,6.6800
4.050006,29.236939,472.407453,1336.00,6.6800
4.100891,31.167871,472.602235,1336.00,6.6800
4.152046,33.081757,472.748405,1336.00,6.6800
4.201954,35.122626,471.892369,1336.00,6.6800
4.253157,37.212361,473.684724,1336.00,6.6800
4.302905,39.182968,471.730775,1336.00,6.6800
4.354010,40.864935,473.055069,1336.00,6.6800
4.404895,42.122608,471.244934,1336.00,6.6800
4.454925,43.163906,473.219964,1336.00,6.6800
4.505902,44.014525,473.277539,1336.00,6.6800
4.557003,44.396200,472.643243,1336.00,6.6800
4.607114,44.402700,473.950502,1336.00,6.6800
4.658113,44.003600,472.491856,1336.00,6.6800
4.709086,43.086660,474.595343,1336.00,6.6800
4.759094,41.966388,474.663227,1336.00,6.6800
4.810053,40.736190,473.900803,1336.00,6.6800
4.860978,39.207112,475.098822,1336.00,6.6800
4.911029,37.614710,473.104554,1336.00,6.6800
4.961976,35.901348,474.970921,1336.00,6.6800
5.013265,34.214238,474.345748,1336.00,6.6800
5.063031,32.846971,473.792285,1336.00,6.6800
5.114029,31.401597,473.864918,1336.00,6.6800
5.164901,30.403497,472.684445,1336.00,6.6800
5.216089,29.376518,474.813958,1336.00,6.6800
5.265901,28.783434,472.978235,1336.00,6.6800
5.317022,28.555067,473.936849,1336.00,6.6800
5.366893,28.477834,472.920277,1336.00,6.6800
5.417891,28.732467,473.185345,1336.00,6.6800
5.468894,29.234994,473.882989,1336.00,6.6800
5.518898,30.094055,472.287305,1336.00,6.6800
5.569998,31.132864,473.023475,1336.00,6.6800
5.621038,32.420931,471.363158,1336.00,6.6800
5.670909,33.627165,473.378745,1336.00,6.6800
5.721942,34.978872,471.276608,1336.00,6.6800
5.773155,36.112978,472.431007,1336.00,6.6800
5.822946,37.266362,470.471991,1336.00,6.6800
5.874008,38.276950,472.491892,1336.00,6.6800
5.925075,39.261200,472.613408,1336.00,6.6800
5.974922,39.978300,472.078192,1336.00,6.6800
6.025909,40.358620,472.938533,1336.00,6.6800
6.076941,40.522256,471.548388,1336.00,6.6800
6.127011,40.407065,473.976395,1336.00,6.6800
6.177915,39.945772,472.834476,1336.00,6.6800
6.228962,39.295477,473.183919,1336.00,6.6800
6.279004,38.599462,473.319021,1336.00,6.6800
6.329906,37.620790,472.476078,1336.00,6.6800
6.381001,36.574172,474.450127,1336.00,6.6800
6.431040,35.508357,472.617663,1336.00,6.6800
6.482095,34.462346,473.920958,1336.00,6.6800
6.533256,33.291557,472.496879,1336.00,6.6800
6.582954,32.319765,473.379963,1336.00,6.6800
6.633931,31.559912,473.471168,1336.00,6.6800
6.685172,30.846570,472.433113,1336.00,6.6800
6.735030,30.275896,472.719371,1336.00,6.6800
6.785902,30.083017,471.416265,1336.00,6.6800
6.836936,29.700193,472.962996,1336.00,6.6800
6.886900,29.833395,470.916786,1336.00,6.6800
6.937898,30.150896,471.952313,1336.00,6.6800
6.989019,30.404897,470.038491,1336.00,6.6800
7.038903,30.819037,472.156673,1336.00,6.6800
7.089933,31.589810,470.338512,1336.00,6.6800
7.140023,32.522828,471.695380,1336.00,6.6800
7.190935,33.392282,470.007013,1336.00,6.6800
7.241116,34.070266,472.079771,1336.00,6.6800
7.292035,35.016953,471.628650,1336.00,6.6800
7.342941,35.651262,471.701078,1336.00,6.6800
7.393231,36.316910,472.374446,1336.00,6.6800
7.444060,36.972468,471.347614,1336.00,6.6800
7.494952,37.549654,473.762117,1336.00,6.6800
7.545946,37.888363,472.861860,1336.00,6.6800
7.596013,38.053851,473.315046,1336.00,6.6800
7.646904,38.203821,473.469254,1336.00,6.6800
7.697013,38.007396,472.550136,1336.00,6.6800
7.748069,37.920557,474.297840,1336.00,6.6800
7.798957,37.394066,472.438779,1336.00,6.6800
7.849986,36.709193,473.688732,1336.00,6.6800
7.899971,36.214034,471.991358,1336.00,6.6800
7.951005,35.519087,473.286824,1336.00,6.6800
8.002001,34.945550,473.277805,1336.00,6.6800
8.051902,34.135160,472.391860,1336.00,6.6800
8.102927,33.504428,473.014846,1336.00,6.6800
8.153321,32.701002,471.612909,1336.00,6.6800
8.204016,32.269202,473.623477,1336.00,6.6800
8.255041,31.906181,471.874511,1336.00,6.6800
8.304995,31.598185,473.248404,1336.00,6.6800
8.355896,31.316628,472.432344,1336.00,6.6800
8.406901,31.284743,472.887887,1336.00,6.6800
8.458029,31.224094,473.996074,1336.00,6.6800
8.508002,31.439235,472.314938,1336.00,6.6800
8.559027,31.822288,473.643182,1336.00,6.6800
8.609973,32.216611,471.540740,1336.00,6.6800
8.659946,32.619968,473.539274,1336.00,6.6800
8.710975,33.206335,472.433223,1336.00,6.6800
8.761078,33.745728,472.670759,1336.00,6.6800
8.812022,34.212402,471.877430,1336.00,6.6800
8.863061,34.919722,472.019236,1336.00,6.6800
8.913197,35.485577,473.374676,1336.00,6.6800
8.963942,35.674602,471.862499,1336.00,6.6800
9.015010,36.019182,473.468489,1336.00,6.6800
9.065094,36.242105,471.670486,1336.00,6.6800
9.116002,36.297404,473.367378,1336.00,6.6800
9.166904,36.464683,472.635651,1336.00,6.6800
9.216944,36.211787,472.375319,1336.00,6.6800
9.267897,36.220409,471.932726,1336.00,6.6800
9.319011,35.981207,471.559612,1336.00,6.6800
9.369894,35.508606,472.849085,1336.00,6.6800
9.420922,35.323885,470.895037,1336.00,6.6800
9.470937,35.228828,472.155842,1336.00,6.6800
9.521899,34.836382,470.120051,1336.00,6.6800
9.573255,34.469686,472.382163,1336.00,6.6800
9.622892,34.176329,470.701403,1336.00,6.6800
9.673330,33.906483,471.712073,1336.00,6.6800
9.723965,33.725766,470.230482,1336.00,6.6800
9.774930,33.546033,471.439830,1336.00,6.6800
9.825995,33.367106,470.642410,1336.00,6.6800
9.876033,33.153645,470.744109,1336.00,6.6800
9.926970,32.965296,469.829332,1336.00,6.6800
9.978035,32.920097,470.499168,1336.00,6.6800
10.028999,33.059718,470.186002,1336.00,6.6800
10.078942,33.241714,469.900447,1336.00,6.6800
10.130077,33.422471,468.773595,1336.00,6.6800
10.179945,33.725277,469.816621,1336.00,6.6800
10.230968,33.844482,469.143988,1336.00,6.6800
10.281997,34.256245,469.498289,1336.00,6.6800
10.332001,34.550496,468.195136,1336.00,6.6800
10.382983,34.821057,469.528841,1336.00,6.6800
10.433290,35.107826,468.886370,1336.00,6.6800
10.483934,35.231760,469.353234,1336.00,6.6800
10.534952,35.366068,468.144994,1336.00,6.6800
10.585940,35.332895,469.398080,1336.00,6.6800
10.635951,35.464556,468.666893,1336.00,6.6800
10.687033,35.569885,469.123734,1336.00,6.6800
10.737960,35.495948,467.841919,1336.00,6.6800
10.787936,35.419218,469.284961,1336.00,6.6800
10.838967,35.094155,468.589237,1336.00,6.6800
10.889980,35.062624,469.185196,1336.00,6.6800
10.940021,34.826459,468.780272,1336.00,6.6800
10.991092,34.655107,469.467186,1336.00,6.6800
11.041976,34.676226,470.294663,1336.00,6.6800
11.092030,34.693121,469.453124,1336.00,6.6800
11.143071,34.724216,469.970035,1336.00,6.6800
11.193178,34.643633,469.125575,1336.00,6.6800
11.243979,34.544007,470.623209,1336.00,6.6800
11.294955,34.358845,469.037797,1336.00,6.6800
11.345944,34.351336,469.673438,1336.00,6.6800
11.395970,34.292589,468.560057,1336.00,6.6800
11.446948,34.333491,470.212299,1336.00,6.6800
11.497952,34.331053,468.583269,1336.00,6.6800
11.547899,34.416982,469.438093,1336.00,6.6800
11.599061,34.520886,468.307784,1336.00,6.6800
11.650530,34.375489,469.744877,1336.00,6.6800
11.700053,34.505271,468.178715,1336.00,6.6800
11.750961,34.679417,468.759468,1336.00,6.6800
11.801998,34.713253,468.012248,1336.00,6.6800
11.851936,34.775483,468.863881,1336.00,6.6800
11.903007,34.965886,468.172084,1336.00,6.6800
11.953244,35.083069,468.447501,1336.00,6.6800
12.003997,35.036175,468.237771,1336.00,6.6800
12.055001,35.033820,469.430485,1336.00,6.6800
12.105995,35.102256,468.409257,1336.00,6.6800
12.156015,35.086685,469.193539,1336.00,6.6800
12.207002,34.916028,468.380038,1336.00,6.6800
12.258013,34.761922,470.202487,1336.00,6.6800
12.307988,34.761678,468.681099,1336.00,6.6800
12.358997,34.743922,469.946814,1336.00,6.6800
12.409104,34.606658,468.298252,1336.00,6.6800
12.459963,34.514426,470.245064,1336.00,6.6800
12.511187,34.563681,468.241250,1336.00,6.6800
12.561108,34.515205,469.074162,1336.00,6.6800
12.612111,34.370944,467.864913,1336.00,6.6800
12.662955,34.290695,469.297141,1336.00,6.6800
12.713313,34.279236,467.957335,1336.00,6.6800
12.763946,34.164609,468.120035,1336.00,6.6800
12.814965,34.248687,467.982134,1336.00,6.6800
12.865719,34.386250,468.516339,1336.00,6.6800
12.916383,34.267780,467.998293,1336.00,6.6800
12.966954,34.331224,468.130429,1336.00,6.6800
13.017150,34.329239,468.372960,1336.00,6.6800
13.068116,34.415531,469.196346,1336.00,6.6800
13.118966,34.256065,468.367724,1336.00,6.6800
13.169031,34.269112,468.415945,1336.00,6.6800
13.219962,34.191650,468.660364,1336.00,6.6800
13.269961,34.200000,469.105449,1336.00,6.6800
13.321035,34.136360,468.717062,1336.00,6.6800
13.371994,34.208508,469.072642,1336.00,6.6800
13.422007,34.354106,468.786031,1336.00,6.6800
13.473248,34.206925,470.348276,1336.00,6.6800
13.523937,34.352840,469.064820,1336.00,6.6800
13.573928,34.276212,470.402157,1336.00,6.6800
13.624926,34.039130,468.825228,1336.00,6.6800
13.675941,33.849464,471.181529,1336.00,6.6800
13.725897,33.750471,469.492270,1336.00,6.6800
13.777012,33.530657,470.910809,1336.00,6.6800
13.827926,33.495425,469.040383,1336.00,6.6800
13.878006,33.238720,471.235245,1336.00,6.6800
13.928968,33.173976,470.126034,1336.00,6.6800
13.979086,33.087041,470.811079,1336.00,6.6800
14.030129,32.929593,469.485952,1336.00,6.6800
14.081035,32.909094,470.778554,1336.00,6.6800
14.131192,33.068495,470.701521,1336.00,6.6800
14.182061,33.231156,470.340753,1336.00,6.6800
14.233202,33.308565,470.754250,1336.00,6.6800
14.283908,33.458372,470.081927,1336.00,6.6800
14.334033,33.753998,471.625063,1336.00,6.6800
14.384968,33.849878,469.940659,1336.00,6.6800
14.435105,33.891422,471.017320,1336.00,6.6800
14.486028,33.924658,469.334347,1336.00,6.6800
14.536896,34.091866,471.372690,1336.00,6.6800
14.586930,33.997133,469.331446,1336.00,6.6800
14.638076,34.044386,470.593299,1336.00,6.6800
14.688900,34.029449,468.724405,1336.00,6.6800
14.739169,34.070239,471.081609,1336.00,6.6800
14.790019,34.067711,469.488773,1336.00,6.6800
14.840895,34.171169,470.921592,1336.00,6.6800
14.891036,34.078155,469.780993,1336.00,6.6800
14.941897,34.003744,471.173414,1336.00,6.6800
14.993230,33.926635,471.359847,1336.00,6.6800
15.043083,33.741888,470.903810,1336.00,6.6800
15.093955,33.699571,471.725043,1336.00,6.6800
15.144964,33.402037,470.533737,1336.00,6.6800
15.195039,33.199169,472.848891,1336.00,6.6800
15.245899,33.265395,471.220088,1336.00,6.6800
15.296998,33.230476,472.465299,1336.00,6.6800
15.346896,33.184961,471.541270,1336.00,6.6800
15.397908,32.990349,472.278809,1336.00,6.6800
15.448974,33.045599,473.305678,1336.00,6.6800
15.498932,33.142539,472.037206,1336.00,6.6800
15.550039,33.290391,473.546550,1336.00,6.6800
15.601005,33.355953,471.795308,1336.00,6.6800
15.651934,33.478702,473.266552,1336.00,6.6800
15.701999,33.735102,473.181674,1336.00,6.6800
15.753151,33.729302,472.364358,1336.00,6.6800
15.803893,33.865281,472.581234,1336.00,6.6800
15.854051,34.185005,471.527644,1336.00,6.6800
15.904895,34.352884,473.289897,1336.00,6.6800
15.955968,34.680547,471.207418,1336.00,6.6800
16.006950,35.012998,472.324015,1336.00,6.6800
16.057030,35.278958,470.169593,1336.00,6.6800
16.107943,35.263207,472.156869,1336.00,6.6800
16.158931,34.969345,470.503424,1336.00,6.6800
16.209031,34.892476,471.421585,1336.00,6.6800
16.260047,34.690341,470.155827,1336.00,6.6800
16.311007,34.511053,471.338738,1336.00,6.6800
16.360899,34.314902,471.465557,1336.00,6.6800
16.412011,33.929462,470.790609,1336.00,6.6800
16.462939,33.796889,470.886023,1336.00,6.6800
16.513163,33.725992,470.516329,1336.00,6.6800
16.563908,33.669273,471.757305,1336.00,6.6800
16.614001,33.518419,470.383859,1336.00,6.6800
16.664923,33.450475,471.756800,1336.00,6.6800
16.715894,33.343380,470.126870,1336.00,6.6800
16.765896,33.240124,472.490545,1336.00,6.6800
16.816996,33.192679,470.950983,1336.00,6.6800
16.867898,33.102003,471.965481,1336.00,6.6800
16.917894,32.959143,470.396813,1336.00,6.6800
16.968871,32.985474,471.779286,1336.00,6.6800
17.019970,33.059279,471.409913,1336.00,6.6800
17.069953,33.118323,471.355941,1336.00,6.6800
17.120935,33.429239,471.955020,1336.00,6.6800
17.171934,33.537331,470.977722,1336.00,6.6800
17.221935,33.694125,473.098389,1336.00,6.6800
17.273260,33.714080,471.098696,1336.00,6.6800
17.323004,33.940984,472.484546,1336.00,6.6800
17.373930,33.929147,470.862529,1336.00,6.6800
17.424928,33.902098,472.500315,1336.00,6.6800
17.475899,34.073818,472.545058,1336.00,6.6800
17.525991,34.000275,472.039474,1336.00,6.6800
17.577017,33.976580,472.965143,1336.00,6.6800
17.626902,34.133404,471.576406,1336.00,6.6800
17.677902,34.083083,473.736345,1336.00,6.6800
17.729031,34.025246,472.319214,1336.00,6.6800
17.778903,33.961417,472.937287,1336.00,6.6800
17.829956,34.121274,471.929964,1336.00,6.6800
17.880892,34.055799,472.324589,1336.00,6.6800
17.930988,34.126479,473.154571,1336.00,6.6800
17.981895,34.183023,471.778445,1336.00,6.6800
18.033468,34.210679,472.824358,1336.00,6.6800
18.083097,34.109763,470.954540,1336.00,6.6800
18.134158,33.905970,472.896509,1336.00,6.6800
18.185059,33.778096,470.830872,1336.00,6.6800
18.235149,33.763697,472.030352,1336.00,6.6800
18.286042,33.681858,469.853829,1336.00,6.6800
18.337032,33.528486,471.888079,1336.00,6.6800
18.387088,33.493689,470.122103,1336.00,6.6800
18.438143,33.588891,471.175222,1336.00,6.6800
18.489058,33.682633,469.557409,1336.00,6.6800
18.539021,33.669746,471.094338,1336.00,6.6800
18.590063,33.764897,470.064357,1336.00,6.6800
18.641047,33.981638,470.490483,1336.00,6.6800
18.691145,34.102310,469.143846,1336.00,6.6800
18.742094,34.093368,470.396264,1336.00,6.6800
18.793293,34.138954,469.713904,1336.00,6.6800
18.843049,34.210584,469.835059,1336.00,6.6800
18.894207,34.179987,469.348975,1336.00,6.6800
18.945036,33.997309,469.986914,1336.00,6.6800
18.995101,33.833588,470.800122,1336.00,6.6800
19.046033,33.808090,469.857848,1336.00,6.6800
19.097042,33.752532,470.951296,1336.00,6.6800
19.147041,33.567446,469.839017,1336.00,6.6800
19.198134,33.454537,472.361714,1336.00,6.6800
19.249075,33.504849,471.014622,1336.00,6.6800
19.299128,33.632979,472.041039,1336.00,6.6800
19.350021,33.753063,470.919393,1336.00,6.6800
19.401040,33.796391,471.835519,1336.00,6.6800
19.451108,33.971693,472.367431,1336.00,6.6800
19.502047,33.936134,471.257591,1336.00,6.6800
19.553388,33.925267,472.125658,1336.00,6.6800
19.603134,34.109934,470.629069,1336.00,6.6800
19.654020,34.011587,472.797189,1336.00,6.6800
19.704896,34.020790,471.057820,1336.00,6.6800
19.755019,33.975412,472.349122,1336.00,6.6800
19.805935,34.062169,470.771974,1336.00,6.6800
19.856886,34.043676,472.127903,1336.00,6.6800
19.906896,34.046460,471.736717,1336.00,6.6800
19.958028,33.978388,471.472865,1336.00,6.6800
